,pred_class
0,0.7630147
1,0.99942136
2,0.44024783
3,0.9890515
4,0.7776338
5,0.99559623
6,0.9717534
7,0.03226352
8,0.00054913806
9,0.93779814
10,0.9985624
11,0.18229626
12,0.9886608
13,0.99831235
14,0.48038897
15,0.20852631
16,0.9992455
17,0.999806
18,0.9911293
19,0.96669
20,0.99939156
21,0.93139076
22,0.99991155
23,0.6352641
24,0.99069715
25,0.9998934
26,0.9999709
27,0.9026
28,0.99734503
29,0.9955396
30,0.34933957
31,0.9999932
32,0.9999887
33,0.9999554
34,0.98059744
35,0.9995627
36,0.999992
37,0.18949828
38,0.7458618
39,0.999559
40,0.30944073
41,0.9992144
42,0.99992466
43,0.07965372
44,0.9923693
45,0.9996234
46,0.99999833
47,0.55187225
48,0.7869298
49,0.90468585
50,0.999785
51,0.64442545
52,0.9466822
53,0.25009447
54,0.06547353
55,0.9998565
56,0.9984541
57,0.9997042
58,0.99999213
59,0.9988668
60,0.9997923
61,0.999982
62,0.5681338
63,0.9996927
64,0.9984042
65,0.0135231
66,0.998809
67,0.95600015
68,0.99999344
69,0.9774548
70,0.04269392
71,0.9888392
72,0.9964
73,0.9999591
74,0.99991477
75,0.99379116
76,0.9927209
77,0.99233305
78,0.9999428
79,0.99903905
80,0.9986105
81,0.9845115
82,0.9999418
83,0.9706334
84,0.8871945
85,0.9694983
86,0.9598948
87,0.9882846
88,0.99986863
89,0.99949
90,0.9992155
91,0.99817014
92,0.99600756
93,0.9996624
94,0.99943084
95,0.91628647
96,0.9857723
97,0.0018782404
98,0.9053539
99,0.6529858
100,0.6984064
101,0.9531285
102,0.9999229
103,0.98254585
104,0.9714507
105,0.9997415
106,0.99831307
107,0.9996013
108,0.9850928
109,0.9999057
110,0.9998273
111,0.8226926
112,0.986558
113,0.9846884
114,0.99895704
115,0.9682902
116,0.9994342
117,0.93432397
118,0.9933513
119,0.98918134
120,0.9974879
121,0.99308455
122,0.954815
123,0.99189794
124,0.9829511
125,0.9832185
126,0.990342
127,0.9866881
128,0.9970788
129,0.99654275
130,0.9997836
131,0.96660143
132,0.09360162
133,0.9999827
134,0.15445082
135,0.9299679
136,0.99946564
137,0.8239242
138,0.7024084
139,0.9862969
140,0.9998882
141,0.9865123
142,0.9757549
143,0.9692621
144,0.7029025
145,0.9619717
146,0.9946561
147,0.9999676
148,0.9945814
149,0.8360625
150,0.56492144
151,0.9831761
152,0.99995565
153,0.9999503
154,0.74098366
155,0.06876095
156,0.99992836
157,0.9070301
158,0.9329523
159,0.98509836
160,0.9896763
161,0.9984855
162,0.999491
163,0.6466281
164,0.99035805
165,0.9999964
166,0.999092
167,0.9541603
168,0.99899846
169,0.07838279
170,0.99947685
171,0.9879753
172,0.99945456
173,0.9966176
174,0.98538303
175,0.99843866
176,0.9942106
177,0.95566833
178,0.9845808
179,0.99967337
180,0.9977011
181,0.9908193
182,0.99872714
183,0.7823043
184,0.4211375
185,0.9880135
186,0.9890526
187,0.99688077
188,0.9484138
189,0.9483692
190,0.7603512
191,0.99925774
192,0.97984135
193,0.9985545
194,0.9855333
195,6.50193e-05
196,0.99987125
197,0.957153
198,0.9996598
199,0.9995352
200,0.977086
201,0.9999846
202,0.9999181
203,0.9992187
204,0.9778325
205,0.97648126
206,0.40359437
207,0.9971413
208,0.6444978
209,0.99896145
210,0.01408494
211,0.99536985
212,0.9153566
213,0.9796792
214,0.99963534
215,0.9999597
216,0.99972886
217,0.97826684
218,0.6232892
219,0.9999945
220,0.8950635
221,0.0075418893
222,0.9910891
223,0.78053033
224,0.9999857
225,0.98876035
226,0.9947805
227,0.9978884
228,0.9984863
229,0.9998048
230,0.9867899
231,0.99997985
232,0.58208233
233,0.9425825
234,0.99999213
235,0.9858649
236,0.99956983
237,0.9813973
238,0.9388828
239,0.94658226
240,0.83961606
241,0.9992017
242,0.99992645
243,0.0013556624
244,0.18029448
245,0.99980634
246,0.9979274
247,0.96719056
248,0.7783716
249,0.98987806
250,0.94363284
251,0.99085194
252,0.9904084
253,0.9999571
254,0.9900789
255,0.99710816
256,0.9994286
257,0.9962451
258,0.95520747
259,0.9999901
260,0.9991345
261,0.00024937443
262,0.9998796
263,0.97479874
264,0.9937598
265,0.9737129
266,0.9606006
267,0.77592593
268,0.90656155
269,0.97419566
270,0.9682407
271,0.9999416
272,0.98971903
273,0.9892202
274,0.9998785
275,0.979982
276,0.70631576
277,0.9773796
278,0.9653243
279,0.95589036
280,0.8989037
281,0.13936494
282,0.13776904
283,0.4561599
284,0.99763465
285,0.9992811
286,0.9996313
287,0.9941555
288,0.12963879
289,0.92147225
290,0.9997979
291,0.08323122
292,0.8833457
293,0.5110408
294,0.9910637
295,0.9999114
296,0.9167553
297,0.9957504
298,0.99391043
299,0.8584241
300,0.9366675
301,0.9978861
302,0.99973255
303,0.99999
304,0.99777454
305,0.97435296
306,0.9895425
307,0.9989102
308,0.9960854
309,0.8342806
310,0.9900581
311,0.98676664
312,0.5386983
313,0.98298246
314,0.9967752
315,0.99814796
316,0.999696
317,0.9818658
318,0.99918145
319,0.9999242
320,0.9993598
321,0.9529675
322,0.4339854
323,0.99995995
324,0.9387415
325,0.9999862
326,0.9995962
327,0.9971439
328,0.99934953
329,0.9988422
330,0.99984825
331,0.9997931
332,0.99999094
333,0.9984164
334,0.9735135
335,0.06345647
336,0.0029133097
337,0.99999726
338,0.9977488
339,0.226082
340,0.9925217
341,0.9944883
342,0.9989736
343,0.9861908
344,0.96718687
345,0.99999535
346,0.80832314
347,0.9915992
348,0.99295914
349,0.7260951
350,0.9589182
351,0.99945
352,0.9996644
353,0.9849059
354,0.9976464
355,0.6368016
356,0.999561
357,0.99985445
358,0.89923805
359,0.99967825
360,0.98613733
361,0.91385233
362,0.9955949
363,0.87776715
364,0.5221168
365,0.9996543
366,0.9920021
367,0.9993125
368,0.9400843
369,0.9999373
370,0.99008334
371,0.7980448
372,0.98782045
373,0.9999912
374,0.71869993
375,0.0024986537
376,0.98820156
377,0.9999342
